Ailyn Alam,5 Coleman Terrace,891-356-8033
Lizbeth Vautrey,0 Bartillon Court,219-934-7409
Nerta Ferneley,11740 Bartillon Lane,362-953-3999
Alyse Clover,1 Packers Trail,796-493-1274
Whitby Leagas,53078 Gateway Way,330-792-8043
Ceil Sibylla,04 Steensland Street,940-915-0142
Muffin Wing,456 Gina Drive,254-789-9682
Ana Thuillier,582 Heath Crossing,704-247-3645
Viviene Waddup,6 Maryland Place,960-802-7016
Darcy Gaitone,7 Bunker Hill Crossing,766-648-3550
Timmy Renn,5 Packers Hill,423-662-3375
Beryl Tomsa,55003 Steensland Court,329-705-5356
Leland Sanper,71630 Mcguire Circle,842-594-0217
Darell Gamett,072 Tony Terrace,276-604-5045
Rozina Babbidge,390 Harper Hill,178-319-7353
Cacilia Orrin,81466 Declaration Street,321-886-3487
Roanne Boston,31 Drewry Road,259-623-0893
Robbie Pennuzzi,7 Walton Alley,838-282-6014
Marvin Brock,0 Shopko Circle,849-862-9783
Michele Fassam,566 Sherman Way,532-636-5312
Rik Inskipp,6221 Mallory Crossing,605-316-6509
Mead Sutherington,50712 Dunning Alley,593-989-5779
Leif Eldrett,1 Springview Court,379-732-1953
Leif Eldrett,221 Lullaby Lane,379-732-1953
Winston Grabeham,9 Granby Crossing,734-589-4970
Alexandros Bursnall,91 Pearson Lane,140-372-7059
Bone Mannin,3 5th Street,706-956-0770
Emlynne Siemianowicz,2856 Fair Oaks Street,149-108-0919
Wilburt Cridlin,7 Buell Terrace,335-467-1847
Bradley Landeaux,43 Kim Street,258-622-5075
Virginia Fairy,1238 Burrows Drive,231-557-2255